Number,Priority,Title,Labels,Estimated Hours,Status,References
1,Critical,[CRITICAL] Add Backend Testing Infrastructure with pytest,"critical,testing,backend,infrastructure",40-60,Partially Complete,IMPROVEMENT_SUGGESTIONS.md Section 1
2,Critical,[CRITICAL] Add Frontend Testing Infrastructure with Vitest,"critical,testing,frontend,infrastructure",40-60,Not Started,IMPROVEMENT_SUGGESTIONS.md Section 1
3,Critical,[CRITICAL] Replace db.create_all() with Flask-Migrate,"critical,database,backend,infrastructure",4-8,Partially Complete,IMPROVEMENT_SUGGESTIONS.md Section 2
4,Critical,[CRITICAL] Validate Required Environment Variables on Startup,"critical,security,backend,configuration",2-4,Mostly Complete,IMPROVEMENT_SUGGESTIONS.md Section 3
5,High,[HIGH] Replace Print Statements with Structured Logging,"high,logging,monitoring,backend,infrastructure",8-16,Not Started,IMPROVEMENT_SUGGESTIONS.md Section 4
6,High,[HIGH] Implement API Rate Limiting,"high,security,backend,api",4-6,Not Started,IMPROVEMENT_SUGGESTIONS.md Section 5
7,High,[HIGH] Implement Schema-Based Input Validation,"high,validation,backend,security",8-12,Not Started,IMPROVEMENT_SUGGESTIONS.md Section 6
8,High,[HIGH] Implement React Error Boundaries,"high,frontend,error-handling,ux",2-4,Not Started,IMPROVEMENT_SUGGESTIONS.md Section 7
9,High,[HIGH] Strengthen PowerShell Security Validation,"high,security,backend,powershell",6-10,Not Started,IMPROVEMENT_SUGGESTIONS.md Section 8
10,High,[HIGH] Add Real-Time Script Output via WebSockets,"high,feature,backend,frontend,ux",8-12,Not Started,IMPROVEMENT_SUGGESTIONS.md Section 9
11,High,[HIGH] Generate Interactive API Documentation with Swagger,"high,documentation,backend,api",12-16,Not Started,IMPROVEMENT_SUGGESTIONS.md Section 10
12,High,[HIGH] Implement GitHub Actions CI/CD Pipeline,"high,infrastructure,devops,testing",8-12,Not Started,IMPROVEMENT_SUGGESTIONS.md Section 14
13,High,[HIGH] Implement Security Headers,"high,security,backend",2-4,Not Started,IMPROVEMENT_SUGGESTIONS.md Section 15
14,High,[HIGH] Add JWT Refresh Token Mechanism,"high,security,backend,authentication",4-6,Not Started,IMPROVEMENT_SUGGESTIONS.md Section 24
15,High,[HIGH] Enforce Strong Password Requirements,"high,security,backend,authentication",3-5,Not Started,IMPROVEMENT_SUGGESTIONS.md Section 27
16,High,[HIGH] Make CORS Origins Configurable,"high,security,backend,configuration",1-2,Not Started,IMPROVEMENT_SUGGESTIONS.md Section 26
17,Medium,[MEDIUM] Refactor State Management with Zustand,"medium,frontend,refactoring,architecture",12-20,Not Started,IMPROVEMENT_SUGGESTIONS.md Section 11
18,Medium,[MEDIUM] Implement Redis Caching,"medium,performance,backend,infrastructure",6-10,Not Started,IMPROVEMENT_SUGGESTIONS.md Section 12
19,Medium,[MEDIUM] Add Version Comparison and Rollback,"medium,feature,backend,frontend",12-16,Not Started,IMPROVEMENT_SUGGESTIONS.md Section 13
20,Medium,[MEDIUM] Optimize Database Queries with Indexes,"medium,performance,database,backend",4-8,Not Started,IMPROVEMENT_SUGGESTIONS.md Section 22
21,Medium,[MEDIUM] Add API Pagination,"medium,api,backend,performance",6-10,Not Started,IMPROVEMENT_SUGGESTIONS.md Section 23
22,Medium,[MEDIUM] Implement Dependency Security Scanning,"medium,security,devops,infrastructure",2-4,Not Started,IMPROVEMENT_SUGGESTIONS.md Section 28
23,Medium,[MEDIUM] Configure Database Connection Pooling,"medium,performance,database,backend",1-2,Not Started,IMPROVEMENT_SUGGESTIONS.md Section 34
24,Medium,[MEDIUM] Implement Code Quality Tools,"medium,code-quality,backend,devops",4-8,Not Started,IMPROVEMENT_SUGGESTIONS.md Section 39
25,Medium,[MEDIUM] Add Type Hints Throughout Backend,"medium,code-quality,backend,refactoring",12-16,Not Started,IMPROVEMENT_SUGGESTIONS.md Section 40
26,Medium,[MEDIUM] Optimize Frontend Bundle Size,"medium,performance,frontend,optimization",4-6,Not Started,IMPROVEMENT_SUGGESTIONS.md Section 35
27,Low,[FEATURE] Add Scheduled Script Execution,"enhancement,feature,backend,frontend",20-30,Not Started,IMPROVEMENT_SUGGESTIONS.md Section 16
28,Low,[FEATURE] Add Pre-built Script Templates,"enhancement,feature,backend,frontend,content",16-24,Not Started,IMPROVEMENT_SUGGESTIONS.md Section 17
29,Low,[FEATURE] Implement Theme Toggle (Dark/Light Mode),"enhancement,frontend,ux,ui",8-12,Not Started,IMPROVEMENT_SUGGESTIONS.md Section 30
30,Low,[FEATURE] Allow Users to Star/Favorite Scripts,"enhancement,feature,backend,frontend,ux",8-12,Not Started,IMPROVEMENT_SUGGESTIONS.md Section 31
31,Low,[FEATURE] Add Power User Keyboard Shortcuts,"enhancement,frontend,ux,accessibility",6-10,Not Started,IMPROVEMENT_SUGGESTIONS.md Section 32
32,Low,[FEATURE] Implement Multi-tenant Architecture,"enhancement,feature,backend,frontend,architecture",40-60,Not Started,IMPROVEMENT_SUGGESTIONS.md Section 18
33,Low,[FEATURE] Add Script Execution Approval System,"enhancement,feature,backend,frontend,governance",24-32,Not Started,IMPROVEMENT_SUGGESTIONS.md Section 19
34,Low,[FEATURE] Implement Full-Text Search and Advanced Filters,"enhancement,feature,backend,frontend",16-24,Not Started,IMPROVEMENT_SUGGESTIONS.md Section 20
35,Low,[FEATURE] Implement Fine-Grained Permission System,"enhancement,feature,backend,security",16-24,Not Started,IMPROVEMENT_SUGGESTIONS.md Section 42
36,Low,[FEATURE] Implement Full Audit Trail System,"enhancement,feature,backend,security,compliance",12-16,Not Started,IMPROVEMENT_SUGGESTIONS.md Section 43
37,Low,[DOCS] Write Comprehensive Production Deployment Guide,"documentation,devops",12-16,Not Started,IMPROVEMENT_SUGGESTIONS.md Section 37
38,Low,[DOCS] Write End-User Documentation and Tutorials,"documentation,user-experience",20-30,Not Started,IMPROVEMENT_SUGGESTIONS.md Section 38
39,Low,[FEATURE] Allow Admins to Manage Script Categories,"enhancement,feature,backend,frontend",8-12,Not Started,IMPROVEMENT_SUGGESTIONS.md Section 41
